,tsne1,tsne2,tsne3,class_encode,class,cluster
0,4.8518834,-1.6464869,6.786127,4,Home Furnishing,1
1,7.9734216,2.85745,1.6123312,0,Baby Care,3
2,7.8729415,2.1987977,1.5495203,0,Baby Care,3
3,9.519321,-4.128816,1.5570288,4,Home Furnishing,1
4,10.6120615,-4.7909007,2.5307617,4,Home Furnishing,1
5,1.4272076,-0.5826929,17.85517,6,Watches,2
6,0.8781271,-0.99163115,21.225805,6,Watches,2
7,1.2184892,-3.7272885,19.496828,6,Watches,2
8,-2.028323,-2.1735716,14.860428,6,Watches,2
9,-2.2085822,-2.1473794,18.00778,6,Watches,2
10,0.5248246,-4.8961835,17.533531,6,Watches,2
11,-1.4921991,-1.335364,18.272915,6,Watches,2
12,-0.41548213,-1.0101465,19.263536,6,Watches,2
13,-1.4349794,-0.62077606,18.596066,6,Watches,2
14,-0.020999737,-0.07341966,15.597683,6,Watches,2
15,0.48040178,-3.5507596,19.386015,6,Watches,2
16,-0.54652435,1.781817,16.259422,6,Watches,2
17,0.4071855,-0.06221344,15.456065,6,Watches,2
18,-0.37753436,-0.7837909,18.16803,6,Watches,2
19,-0.19345205,2.225097,15.161219,6,Watches,2
20,0.008624511,-2.9261837,15.661468,6,Watches,2
21,0.7013919,1.1633998,17.73104,6,Watches,2
22,-0.4894468,-0.69853973,18.278381,6,Watches,2
23,0.015143227,-2.9179492,15.638836,6,Watches,2
24,-0.4201678,-2.3357086,19.337183,6,Watches,2
25,-1.8730066,-2.140967,14.810488,6,Watches,2
26,2.1462903,0.54785746,17.131622,6,Watches,2
27,-0.55582154,1.9932593,16.440228,6,Watches,2
28,1.5097581,-1.5670654,14.57848,6,Watches,2
29,-0.35171303,0.67455477,17.918198,6,Watches,2
30,1.6444142,1.4995292,14.815153,6,Watches,2
31,-0.9228296,-2.385853,19.231777,6,Watches,2
32,0.64956844,-1.5733699,20.208193,6,Watches,2
33,10.221287,-6.684172,1.8626648,4,Home Furnishing,1
34,10.222326,-6.810643,1.2331234,4,Home Furnishing,1
35,6.461324,9.122704,2.806708,4,Home Furnishing,3
36,2.4350584,3.7766807,-4.131,3,Home Decor & Festive Needs,0
37,5.2673507,-11.73364,-3.8711247,5,Kitchen & Dining,1
38,6.2274504,-7.364484,-2.5185428,5,Kitchen & Dining,1
39,9.769353,-7.8258014,2.6298614,4,Home Furnishing,1
40,16.12521,-1.2262421,-5.680147,0,Baby Care,4
41,9.634772,-8.26418,2.4141781,4,Home Furnishing,1
42,16.505716,-1.2820681,-5.4850044,0,Baby Care,4
43,6.892085,-0.86412543,-4.393304,1,Beauty and Personal Care,1
44,5.0474205,-12.968834,-9.498521,5,Kitchen & Dining,6
45,5.0474205,-12.968834,-9.498521,5,Kitchen & Dining,6
46,5.0474205,-12.968834,-9.498521,5,Kitchen & Dining,6
47,-2.247532,-4.660213,1.568493,2,Computers,1
48,5.0474205,-12.968834,-9.498521,5,Kitchen & Dining,6
49,6.785533,-0.8325305,-4.3444653,1,Beauty and Personal Care,1
50,5.0474205,-12.968834,-9.498521,5,Kitchen & Dining,6
51,-2.78909,-5.4886446,2.8445086,2,Computers,1
52,2.7329757,-7.7293034,-3.9234545,5,Kitchen & Dining,1
53,-0.6530627,-4.5679455,5.431393,2,Computers,1
54,-0.6533253,-4.5682,5.4315305,2,Computers,1
55,-0.6533253,-4.5682,5.4315305,2,Computers,1
56,-2.0274024,-0.22391713,-8.868003,1,Beauty and Personal Care,0
57,3.1398938,0.20292456,-9.335707,1,Beauty and Personal Care,0
58,3.3514044,-0.03325837,-9.649529,1,Beauty and Personal Care,0
59,3.1765082,1.21725,-7.5903616,1,Beauty and Personal Care,0
60,2.645498,1.120562,-7.296997,1,Beauty and Personal Care,0
61,3.1398938,0.20292456,-9.335707,1,Beauty and Personal Care,0
62,3.111243,-0.98923016,-7.462934,1,Beauty and Personal Care,0
63,6.4265785,-3.4965534,-1.3254011,0,Baby Care,1
64,2.2553227,-11.12049,-8.855636,5,Kitchen & Dining,6
65,2.5595243,-11.385329,-9.1792145,5,Kitchen & Dining,6
66,4.659814,-5.447506,-1.1581204,0,Baby Care,1
67,5.92195,-7.5534577,0.7537216,4,Home Furnishing,1
68,3.292123,-5.5999656,-7.1199617,5,Kitchen & Dining,1
69,3.2756336,-5.585613,-7.1730356,5,Kitchen & Dining,1
70,3.3957777,-9.532915,-4.1718464,5,Kitchen & Dining,1
71,5.921969,-7.55285,0.75386494,4,Home Furnishing,1
72,4.988421,-5.4518714,-5.093652,5,Kitchen & Dining,1
73,19.756113,-2.0531135,-2.680801,0,Baby Care,4
74,19.928743,-2.402913,-3.2510226,0,Baby Care,4
75,19.666155,-2.2866788,-2.7841902,0,Baby Care,4
76,-0.60614336,-2.7653198,-7.492964,1,Beauty and Personal Care,0
77,3.224148,-0.6175444,-5.203455,1,Beauty and Personal Care,0
78,10.744772,-5.3985305,2.6186764,4,Home Furnishing,1
79,17.898712,-0.33786368,-1.7077123,0,Baby Care,4
80,3.7842956,-8.060333,0.6191504,3,Home Decor & Festive Needs,1
81,2.131233,-11.204309,0.10993512,3,Home Decor & Festive Needs,1
82,3.7136059,-4.145113,0.027009847,0,Baby Care,1
83,19.119762,-1.9105608,0.3821982,0,Baby Care,4
84,3.9280815,-10.049158,0.37818828,3,Home Decor & Festive Needs,1
85,10.00937,-6.932197,-6.2560787,3,Home Decor & Festive Needs,1
86,3.4644206,-7.8320227,-1.8609546,5,Kitchen & Dining,1
87,-1.1781645,-2.6892846,-0.562843,2,Computers,1
88,7.9644203,-9.256883,0.5717321,4,Home Furnishing,1
89,-12.205408,-4.1588936,-5.2670574,3,Home Decor & Festive Needs,5
90,-17.490913,-0.291324,-5.3098187,3,Home Decor & Festive Needs,5
91,-13.749604,0.11643333,-4.577377,3,Home Decor & Festive Needs,5
92,-17.067453,-0.95458555,-5.565206,3,Home Decor & Festive Needs,5
93,-17.841158,-0.74172676,-5.7388783,3,Home Decor & Festive Needs,5
94,-13.453198,0.83720374,-6.66409,3,Home Decor & Festive Needs,5
95,-17.117893,-0.72020966,-3.8478124,3,Home Decor & Festive Needs,5
96,-13.109384,0.5454043,-2.2267632,3,Home Decor & Festive Needs,5
97,-15.178139,0.39327976,0.38911477,3,Home Decor & Festive Needs,5
98,-2.7172227,-0.40881243,-8.432841,1,Beauty and Personal Care,0
99,-2.24719,-0.86157197,-8.5554085,1,Beauty and Personal Care,0
100,-2.113812,-0.0099852625,-8.367294,1,Beauty and Personal Care,0
101,-14.112435,-0.5067828,0.011595622,3,Home Decor & Festive Needs,5
102,1.2958413,-12.940138,-0.91818523,3,Home Decor & Festive Needs,1
103,-0.13791153,16.050217,5.1146407,4,Home Furnishing,3
104,-0.72598857,15.587654,5.398625,4,Home Furnishing,3
105,1.017901,11.903951,3.909988,4,Home Furnishing,3
106,-1.5818622,3.2926476,-5.9479403,0,Baby Care,0
107,-3.4382806,13.220056,4.0258965,4,Home Furnishing,3
108,-0.13791153,16.050217,5.1146407,4,Home Furnishing,3
109,5.4431,-6.3338737,1.371854,4,Home Furnishing,1
110,16.468609,1.6339144,-4.264969,0,Baby Care,4
111,5.9935308,-12.585666,0.8617526,3,Home Decor & Festive Needs,1
112,19.84751,2.2638187,1.3944165,0,Baby Care,4
113,4.9397635,-5.494733,-5.0263853,5,Kitchen & Dining,1
114,4.7611012,7.2204113,0.29036582,0,Baby Care,3
115,-0.23004426,-1.5922035,-1.6469897,2,Computers,1
116,-15.696126,0.25064543,-0.7250254,3,Home Decor & Festive Needs,5
117,14.066976,1.7595855,-1.1586264,0,Baby Care,4
118,-17.919167,-1.4473491,-5.7585425,3,Home Decor & Festive Needs,5
119,2.9741383,-5.4598413,0.93677264,2,Computers,1
120,9.985828,-9.177479,2.3794513,4,Home Furnishing,1
121,16.18887,0.35431644,-0.27615187,0,Baby Care,4
122,1.5533541,-2.631141,1.303318,2,Computers,1
123,2.7021968,-9.529217,0.9154128,3,Home Decor & Festive Needs,1
124,-0.3901608,-4.7275915,-2.135768,1,Beauty and Personal Care,1
125,-0.70591974,6.5551863,-8.405732,1,Beauty and Personal Care,0
126,-0.60342586,6.6207986,-8.983787,1,Beauty and Personal Care,0
127,-0.48554912,6.6130586,-9.34558,1,Beauty and Personal Care,0
128,-10.603454,-0.59045357,-2.1115594,3,Home Decor & Festive Needs,5
129,3.8206675,-11.404124,-17.78251,5,Kitchen & Dining,6
130,-4.6719766,-15.831401,-18.252512,5,Kitchen & Dining,6
131,3.5520222,-11.4905,-19.060278,5,Kitchen & Dining,6
132,-0.38478646,-9.362769,-15.524469,5,Kitchen & Dining,6
133,-3.6484697,-15.353298,-18.551214,5,Kitchen & Dining,6
134,-0.8139395,-8.637243,-13.638217,5,Kitchen & Dining,6
135,4.0998096,-12.705489,-17.928366,5,Kitchen & Dining,6
136,-4.677483,-16.63627,-17.408121,5,Kitchen & Dining,6
137,-1.3342316,-8.8978615,-14.512799,5,Kitchen & Dining,6
138,-2.5359032,-17.372778,-17.222437,5,Kitchen & Dining,6
139,2.690264,-12.196937,-18.772282,5,Kitchen & Dining,6
140,-2.4803786,-15.648787,-18.566168,5,Kitchen & Dining,6
141,-3.1604104,-15.91692,-19.593266,5,Kitchen & Dining,6
142,-3.3370836,-16.201307,-17.480728,5,Kitchen & Dining,6
143,-0.15014021,-8.295443,-14.453667,5,Kitchen & Dining,6
144,-4.1701555,-17.805992,-19.258759,5,Kitchen & Dining,6
145,0.7377188,-10.073077,-14.716661,5,Kitchen & Dining,6
146,1.1497784,-15.402372,-12.386236,5,Kitchen & Dining,6
147,-3.3082535,-17.963161,-18.218481,5,Kitchen & Dining,6
148,-4.2879124,-16.282215,-19.43598,5,Kitchen & Dining,6
149,-1.1727587,-10.748112,-13.318732,5,Kitchen & Dining,6
150,0.031026626,-14.608715,-13.694892,5,Kitchen & Dining,6
151,3.5996432,-12.649942,-18.901493,5,Kitchen & Dining,6
152,-0.07124664,-10.376356,-15.35916,5,Kitchen & Dining,6
153,-3.3082535,-17.963161,-18.218481,5,Kitchen & Dining,6
154,-2.7989805,-18.042412,-19.6229,5,Kitchen & Dining,6
155,1.1497784,-15.402372,-12.386236,5,Kitchen & Dining,6
156,0.8798366,-15.297932,-13.691538,5,Kitchen & Dining,6
157,3.8206675,-11.404124,-17.78251,5,Kitchen & Dining,6
158,-0.57004964,-9.743938,-13.45236,5,Kitchen & Dining,6
159,2.874991,-11.15195,-18.35433,5,Kitchen & Dining,6
160,-3.5254362,-16.778843,-18.63749,5,Kitchen & Dining,6
161,-1.6721265,-9.876633,-14.046684,5,Kitchen & Dining,6
162,4.3758464,-11.911557,-18.612226,5,Kitchen & Dining,6
163,0.0007604732,-14.535608,-12.329578,5,Kitchen & Dining,6
164,-2.3853898,-16.73392,-19.287712,5,Kitchen & Dining,6
165,-2.085957,-17.53757,-18.527956,5,Kitchen & Dining,6
166,0.46002355,-9.1947,-13.647622,5,Kitchen & Dining,6
167,-1.6467035,-9.268564,-13.1231985,5,Kitchen & Dining,6
168,0.0007604732,-14.535608,-12.329578,5,Kitchen & Dining,6
169,2.6014855,-11.992391,-17.726303,5,Kitchen & Dining,6
170,3.417198,-12.367012,-17.23536,5,Kitchen & Dining,6
171,-0.6020412,-9.685361,-14.412266,5,Kitchen & Dining,6
172,-3.3370836,-16.201307,-17.480728,5,Kitchen & Dining,6
173,-4.987475,-17.013824,-18.800846,5,Kitchen & Dining,6
174,0.68841654,-8.958644,-15.1059065,5,Kitchen & Dining,6
175,0.37326568,-10.232398,-13.355371,5,Kitchen & Dining,6
176,1.1497784,-15.402372,-12.386236,5,Kitchen & Dining,6
177,-0.0601828,-15.7473345,-13.024408,5,Kitchen & Dining,6
178,-0.18079689,-10.786473,-13.995637,5,Kitchen & Dining,6
179,-3.4910605,-17.094944,-20.093916,5,Kitchen & Dining,6
180,0.0007604732,-14.535608,-12.329578,5,Kitchen & Dining,6
181,1.1865702,-14.153208,-13.07253,5,Kitchen & Dining,6
182,0.0007604732,-14.535608,-12.329578,5,Kitchen & Dining,6
183,-4.6435966,-17.870874,-17.977203,5,Kitchen & Dining,6
184,-0.27580702,-8.993573,-12.558312,5,Kitchen & Dining,6
185,1.1865702,-14.153208,-13.07253,5,Kitchen & Dining,6
186,-3.7778895,-17.450644,-17.023909,5,Kitchen & Dining,6
187,3.0376363,-12.915748,-18.086542,5,Kitchen & Dining,6
188,-0.76886696,-10.345135,-12.162358,5,Kitchen & Dining,6
189,-2.0180109,-16.481733,-17.958073,5,Kitchen & Dining,6
190,-1.9256066,-9.794575,-15.3753605,5,Kitchen & Dining,6
191,-1.1776165,-10.883091,-14.638861,5,Kitchen & Dining,6
192,-3.3966177,-2.2949398,-16.8185,5,Kitchen & Dining,6
193,-14.693244,3.4168947,-4.833854,3,Home Decor & Festive Needs,5
194,-12.829632,0.75760114,-6.002645,3,Home Decor & Festive Needs,5
195,-14.985708,2.375091,-4.7246766,3,Home Decor & Festive Needs,5
196,-14.597203,-4.2024865,-8.212358,3,Home Decor & Festive Needs,5
197,-2.7867563,-3.0767734,-16.870111,5,Kitchen & Dining,6
198,-14.571981,-5.0432277,-6.7008715,3,Home Decor & Festive Needs,5
199,-3.405043,-3.577126,-17.791317,5,Kitchen & Dining,6
200,-11.558943,-4.0589886,-8.2705,3,Home Decor & Festive Needs,5
201,-15.155548,0.28142557,-11.56127,3,Home Decor & Festive Needs,5
202,13.882719,1.2783839,-0.4435202,0,Baby Care,4
203,-13.274231,-0.9142006,-4.950444,3,Home Decor & Festive Needs,5
204,-3.5268426,-4.574592,-16.51647,5,Kitchen & Dining,6
205,-14.377472,-2.6281724,-5.021657,3,Home Decor & Festive Needs,5
206,-10.010518,0.01430877,-10.445322,3,Home Decor & Festive Needs,5
207,-11.479028,-2.424346,-8.694489,3,Home Decor & Festive Needs,5
208,-13.610204,-4.0300922,-8.11869,3,Home Decor & Festive Needs,5
209,-12.697421,-1.5958074,-4.401791,3,Home Decor & Festive Needs,5
210,-16.332401,0.09918706,-11.894971,3,Home Decor & Festive Needs,5
211,-15.720414,-2.2868867,-11.909394,3,Home Decor & Festive Needs,5
212,-10.009712,0.015231856,-10.445421,3,Home Decor & Festive Needs,5
213,-14.631363,-4.0980325,-8.310491,3,Home Decor & Festive Needs,5
214,-14.64237,-4.2618985,-4.7472672,3,Home Decor & Festive Needs,5
215,-2.1799645,-2.813474,-18.000172,5,Kitchen & Dining,6
216,-3.6747568,-3.7402833,-16.275047,5,Kitchen & Dining,6
217,-14.445086,-0.651529,-5.4403086,3,Home Decor & Festive Needs,5
218,-3.5490103,-4.3438797,-15.934916,5,Kitchen & Dining,6
219,-12.672889,-4.641524,-6.7078815,3,Home Decor & Festive Needs,5
220,14.983169,-0.057590764,-0.18685237,0,Baby Care,4
221,-14.974674,2.3180363,-5.546925,3,Home Decor & Festive Needs,5
222,-12.686377,-5.368147,-5.79019,3,Home Decor & Festive Needs,5
223,-3.6265018,-3.0547724,-17.326319,5,Kitchen & Dining,6
224,-16.306662,0.07454187,-11.437616,3,Home Decor & Festive Needs,5
225,-14.758508,-1.3648634,-11.793834,3,Home Decor & Festive Needs,5
226,-12.886186,-2.3813584,-5.2664137,3,Home Decor & Festive Needs,5
227,-14.53357,-0.7087085,-7.025323,3,Home Decor & Festive Needs,5
228,-15.17351,0.19264759,-11.242377,3,Home Decor & Festive Needs,5
229,-13.535297,-2.4144075,-6.73198,3,Home Decor & Festive Needs,5
230,-13.008243,-5.5616612,-8.38373,3,Home Decor & Festive Needs,5
231,-16.041267,-0.9928256,-12.0529375,3,Home Decor & Festive Needs,5
232,-13.23533,-5.2968907,-8.120708,3,Home Decor & Festive Needs,5
233,-12.129269,-0.2404588,-5.014936,3,Home Decor & Festive Needs,5
234,-7.4919086,-7.481418,-13.6615305,5,Kitchen & Dining,6
235,-2.8186939,-3.7168868,-17.220816,5,Kitchen & Dining,6
236,-11.426425,-4.038727,-8.2309885,3,Home Decor & Festive Needs,5
237,-15.735966,-0.549803,-10.830983,3,Home Decor & Festive Needs,5
238,-7.608582,-7.157491,-11.966976,5,Kitchen & Dining,6
239,-13.08459,-4.6461463,-5.465798,3,Home Decor & Festive Needs,5
240,-6.3558683,-8.717831,-12.966454,5,Kitchen & Dining,6
241,-8.1763315,-8.261429,-13.039807,5,Kitchen & Dining,6
242,-6.46153,-10.343222,-11.679087,5,Kitchen & Dining,6
243,-5.7304683,-7.5951886,-11.717277,5,Kitchen & Dining,6
244,-6.7370396,-8.706996,-9.650152,5,Kitchen & Dining,6
245,-6.0592566,-8.890552,-11.624637,5,Kitchen & Dining,6
246,-6.7886205,-7.7061853,-12.565964,5,Kitchen & Dining,6
247,-8.282678,-6.6262274,-13.849321,5,Kitchen & Dining,6
248,-13.14181,-0.577957,-6.853888,3,Home Decor & Festive Needs,5
249,-8.430139,-7.1122165,-13.456039,5,Kitchen & Dining,6
250,-10.7729435,-0.26333517,-3.6823647,3,Home Decor & Festive Needs,5
251,-5.5923114,-8.756176,-12.15622,5,Kitchen & Dining,6
252,-6.436051,-7.0644345,-11.357008,5,Kitchen & Dining,6
253,-7.7534738,-8.071422,-11.570134,5,Kitchen & Dining,6
254,-13.056211,-0.022876758,-8.409001,3,Home Decor & Festive Needs,5
255,-6.665296,-6.67993,-12.333732,5,Kitchen & Dining,6
256,-13.320785,-5.218558,-4.554578,3,Home Decor & Festive Needs,5
257,-16.406588,-0.8450356,-5.8225026,3,Home Decor & Festive Needs,5
258,-11.923086,-0.3337576,-6.8865976,3,Home Decor & Festive Needs,5
259,-6.6785264,-7.927769,-11.498272,5,Kitchen & Dining,6
260,-12.530474,-1.1698389,-5.324415,3,Home Decor & Festive Needs,5
261,-7.915138,-9.028143,-9.903855,5,Kitchen & Dining,6
262,-11.793311,-1.7779363,-6.0981884,3,Home Decor & Festive Needs,5
263,-14.3484745,3.2455583,-5.4255104,3,Home Decor & Festive Needs,5
264,-15.752919,3.0971293,-3.7771914,3,Home Decor & Festive Needs,5
265,-14.902974,-1.6396097,-12.713826,3,Home Decor & Festive Needs,5
266,-6.929751,-7.8391123,-9.621894,5,Kitchen & Dining,6
267,-5.9347806,-8.612539,-9.719945,5,Kitchen & Dining,6
268,-4.257596,-4.1178775,-16.606352,5,Kitchen & Dining,6
269,-14.53357,-0.7087085,-7.025323,3,Home Decor & Festive Needs,5
270,-11.569234,-0.21523438,-5.773425,3,Home Decor & Festive Needs,5
271,-14.19545,2.8690307,-4.727971,3,Home Decor & Festive Needs,5
272,-11.068697,0.14120127,-6.4406757,3,Home Decor & Festive Needs,5
273,-6.2487335,-9.524642,-9.71575,5,Kitchen & Dining,6
274,-6.0002804,-7.453099,-12.776505,5,Kitchen & Dining,6
275,21.592033,-0.23125531,-0.17958829,0,Baby Care,4
276,6.848035,6.6287484,15.619997,6,Watches,2
277,4.4689016,6.781068,15.436372,6,Watches,2
278,4.853946,7.1078653,14.651326,6,Watches,2
279,5.381842,7.427736,15.6872835,6,Watches,2
280,4.44411,7.2901,15.546334,6,Watches,2
281,8.929301,-12.363677,-2.1607401,4,Home Furnishing,1
282,16.04968,-0.21189563,-0.7886579,0,Baby Care,4
283,5.6457086,6.67051,16.450392,6,Watches,2
284,1.3152114,-15.605931,0.6299195,3,Home Decor & Festive Needs,1
285,4.44411,7.2901,15.546334,6,Watches,2
286,6.012657,7.456103,14.646047,6,Watches,2
287,9.009025,-12.093237,-2.1874218,4,Home Furnishing,1
288,17.296324,-0.106132925,-2.0652661,0,Baby Care,4
289,1.3135967,-15.605789,0.62890303,3,Home Decor & Festive Needs,1
290,5.992854,-12.578543,0.8668698,3,Home Decor & Festive Needs,1
291,21.035093,3.5495625,-5.3862987,0,Baby Care,4
292,19.280941,2.499435,-5.847841,0,Baby Care,4
293,19.56138,4.6220503,-5.7711267,0,Baby Care,4
294,20.27296,2.024133,-5.3651967,0,Baby Care,4
295,4.5058994,-6.189804,-3.1598434,5,Kitchen & Dining,1
296,-1.881435,-3.856662,-0.69728017,2,Computers,1
297,22.180567,-0.59064424,0.9571652,0,Baby Care,4
298,4.06332,-7.125535,-0.7205915,5,Kitchen & Dining,1
299,-12.913788,-1.2812011,-6.36395,3,Home Decor & Festive Needs,5
300,-4.1504345,-7.1491485,-11.697655,5,Kitchen & Dining,6
301,1.6292677,6.7991652,-6.8094916,1,Beauty and Personal Care,0
302,-13.583421,-1.402637,-5.5094204,3,Home Decor & Festive Needs,5
303,-13.59961,0.17521188,-5.946074,3,Home Decor & Festive Needs,5
304,-11.822931,-0.85391426,-7.51341,3,Home Decor & Festive Needs,5
305,-15.639292,2.8737433,-5.4923844,3,Home Decor & Festive Needs,5
306,-15.289588,-0.3115387,-11.999158,3,Home Decor & Festive Needs,5
307,-11.579755,1.4680995,-5.1562767,3,Home Decor & Festive Needs,5
308,-9.867395,-1.9078903,-6.55149,3,Home Decor & Festive Needs,5
309,-17.032274,0.37169647,-6.5392013,3,Home Decor & Festive Needs,5
310,-11.511799,10.525272,7.2381663,2,Computers,5
311,3.7390852,13.111061,-14.201603,1,Beauty and Personal Care,0
312,-12.674959,3.7418034,7.912115,2,Computers,5
313,2.7014475,13.780067,-12.311634,1,Beauty and Personal Care,0
314,2.4005377,14.636487,-17.199429,1,Beauty and Personal Care,0
315,6.9140344,8.916522,-14.840233,1,Beauty and Personal Care,0
316,3.9136431,13.646769,-13.574206,1,Beauty and Personal Care,0
317,2.8812118,8.085371,-14.310551,1,Beauty and Personal Care,0
318,-10.944641,11.106526,9.3461485,2,Computers,5
319,6.3617167,7.1810527,-12.850386,1,Beauty and Personal Care,0
320,4.500036,9.491011,-9.842026,1,Beauty and Personal Care,0
321,-13.516746,4.7287626,6.584384,2,Computers,5
322,3.7683935,7.869692,-14.194375,1,Beauty and Personal Care,0
323,-9.910713,6.295999,9.202745,2,Computers,5
324,-11.429106,7.0343237,5.0941806,2,Computers,5
325,1.286381,14.378652,-15.126067,1,Beauty and Personal Care,0
326,-10.707556,5.2547116,8.884959,2,Computers,5
327,-12.882945,6.2302785,6.674187,2,Computers,5
328,2.0034194,12.923376,-12.5179825,1,Beauty and Personal Care,0
329,-9.406333,8.31496,8.293696,2,Computers,5
330,-10.070425,10.222996,9.7124195,2,Computers,5
331,3.449422,11.662845,-13.3206005,1,Beauty and Personal Care,0
332,-11.926235,7.134269,7.5573344,2,Computers,5
333,-9.725071,7.005289,8.599302,2,Computers,5
334,3.9499304,10.396626,-10.325686,1,Beauty and Personal Care,0
335,-10.936956,5.4748034,7.151258,2,Computers,5
336,-12.134853,10.369419,7.4610972,2,Computers,5
337,2.3387046,11.077896,-14.817681,1,Beauty and Personal Care,0
338,1.054979,12.930661,-13.497139,1,Beauty and Personal Care,0
339,-12.211905,6.050506,7.1303625,2,Computers,5
340,0.93665737,11.883795,-13.369708,1,Beauty and Personal Care,0
341,-11.333061,10.234416,8.226698,2,Computers,5
342,4.1379776,8.403011,-12.162149,1,Beauty and Personal Care,0
343,-13.4487705,8.899921,7.67473,2,Computers,5
344,0.967157,13.673603,-16.157032,1,Beauty and Personal Care,0
345,-11.803947,6.2138085,8.12485,2,Computers,5
346,1.0295643,11.698609,-14.201482,1,Beauty and Personal Care,0
347,5.8674927,11.553597,-11.061451,1,Beauty and Personal Care,0
348,-11.381212,3.993238,7.0150137,2,Computers,5
349,-10.638908,6.464663,8.467911,2,Computers,5
350,-12.509896,9.954859,10.331569,2,Computers,5
351,-12.197707,6.6129737,6.5112214,2,Computers,5
352,-12.974077,5.2074075,7.963978,2,Computers,5
353,-9.91255,10.042276,9.626778,2,Computers,5
354,-13.119746,8.09507,6.6734924,2,Computers,5
355,-11.277501,5.11679,5.7868285,2,Computers,5
356,3.9394908,11.195411,-11.696009,1,Beauty and Personal Care,0
357,0.12074684,12.373304,-14.101118,1,Beauty and Personal Care,0
358,2.7350602,9.334983,-11.688511,1,Beauty and Personal Care,0
359,3.6602607,10.679373,-12.867884,1,Beauty and Personal Care,0
360,2.074771,8.759052,-13.061391,1,Beauty and Personal Care,0
361,0.93738216,7.8155127,-15.079397,1,Beauty and Personal Care,0
362,1.8518695,14.1692295,-16.010992,1,Beauty and Personal Care,0
363,2.216808,8.526982,-16.003403,1,Beauty and Personal Care,0
364,-9.895697,5.429882,7.8095,2,Computers,5
365,6.0975122,9.976155,-15.9229555,1,Beauty and Personal Care,0
366,5.9803286,9.638008,-16.05,1,Beauty and Personal Care,0
367,-12.396194,10.750891,9.816165,2,Computers,5
368,5.411875,7.8316755,-11.994915,1,Beauty and Personal Care,0
369,-12.0583,4.948209,6.7309613,2,Computers,5
370,0.5614596,14.52619,-15.604945,1,Beauty and Personal Care,0
371,-12.321935,11.512645,7.5617704,2,Computers,5
372,5.5685115,10.713537,-12.769194,1,Beauty and Personal Care,0
373,-10.44407,7.5700808,7.133853,2,Computers,5
374,2.7260365,9.288002,-14.3432455,1,Beauty and Personal Care,0
375,3.4131484,12.33333,-11.425121,1,Beauty and Personal Care,0
376,5.2317057,8.754226,-13.032883,1,Beauty and Personal Care,0
377,4.2921004,9.157489,-12.7428,1,Beauty and Personal Care,0
378,4.589116,10.028188,-13.865573,1,Beauty and Personal Care,0
379,-12.595968,9.282501,5.109496,2,Computers,5
380,-9.80297,6.1220784,6.6926107,2,Computers,5
381,3.3140066,8.78237,-13.673139,1,Beauty and Personal Care,0
382,1.5231246,15.014114,-15.9188595,1,Beauty and Personal Care,0
383,-12.676026,5.281888,9.740374,2,Computers,5
384,5.0288844,7.287022,-12.781006,1,Beauty and Personal Care,0
385,3.6972892,8.748001,-14.626938,1,Beauty and Personal Care,0
386,5.764222,11.482768,-15.565826,1,Beauty and Personal Care,0
387,3.1163886,7.904821,-13.324038,1,Beauty and Personal Care,0
388,1.082453,14.553926,-16.64785,1,Beauty and Personal Care,0
389,2.862167,12.838524,-13.131247,1,Beauty and Personal Care,0
390,-12.599247,10.305889,10.430162,2,Computers,5
391,-8.968472,8.049514,8.79965,2,Computers,5
392,5.0859733,10.386744,-12.410805,1,Beauty and Personal Care,0
393,1.4469485,12.3568535,-14.283339,1,Beauty and Personal Care,0
394,-11.808522,5.479994,9.019331,2,Computers,5
395,1.1687752,7.5376253,-14.184307,1,Beauty and Personal Care,0
396,6.141133,8.434693,-12.606231,1,Beauty and Personal Care,0
397,-10.424349,7.621008,9.356576,2,Computers,5
398,-11.993299,11.057663,7.4714456,2,Computers,5
399,-10.560591,6.258255,6.151737,2,Computers,5
400,-12.299937,3.8202093,8.484104,2,Computers,5
401,3.37467,10.46354,-12.255036,1,Beauty and Personal Care,0
402,3.0765615,10.209664,-9.913483,1,Beauty and Personal Care,0
403,-10.104109,4.687468,6.721942,2,Computers,5
404,4.3284125,11.612833,-12.494535,1,Beauty and Personal Care,0
405,5.4947495,7.8753943,-13.5451,1,Beauty and Personal Care,0
406,1.4639012,11.79067,-10.911706,1,Beauty and Personal Care,0
407,-13.040332,6.8317876,8.005022,2,Computers,5
408,4.707442,3.0850406,-7.79284,1,Beauty and Personal Care,0
409,4.131402,12.548836,-11.782271,1,Beauty and Personal Care,0
410,-11.013978,7.634582,5.3124647,2,Computers,5
411,0.9783018,9.053036,-13.482437,1,Beauty and Personal Care,0
412,5.015263,9.23457,-11.737723,1,Beauty and Personal Care,0
413,-10.661752,6.618795,6.7601814,2,Computers,5
414,3.9394908,11.195411,-11.696009,1,Beauty and Personal Care,0
415,1.5863988,10.256013,-13.444136,1,Beauty and Personal Care,0
416,2.862167,12.838524,-13.131247,1,Beauty and Personal Care,0
417,2.3705335,11.081448,-11.629506,1,Beauty and Personal Care,0
418,6.558031,9.637308,-15.246397,1,Beauty and Personal Care,0
419,-11.980174,5.3983674,5.693778,2,Computers,5
420,-11.708448,9.951881,10.215148,2,Computers,5
421,-12.622747,9.871395,5.175635,2,Computers,5
422,2.1932302,1.3316295,-7.3943934,1,Beauty and Personal Care,0
423,1.1007003,-5.161513,3.2295864,2,Computers,1
424,3.5181582,-2.8898342,-4.3207397,1,Beauty and Personal Care,1
425,-2.2009935,-4.9091163,-1.3314731,2,Computers,1
426,2.1807444,-7.126829,0.7302895,0,Baby Care,1
427,-12.965324,-6.6607447,5.9387956,2,Computers,5
428,5.5598226,-3.2719176,1.2042091,0,Baby Care,1
429,-12.841741,-5.7345977,5.89452,2,Computers,5
430,6.201292,-8.65005,-4.6206894,5,Kitchen & Dining,1
431,-12.902656,-6.2513266,4.8586907,2,Computers,5
432,-13.59215,-5.7546854,5.5087,2,Computers,5
433,-12.965324,-6.6607447,5.9387956,2,Computers,5
434,-13.626085,-6.096051,6.314413,2,Computers,5
435,-13.795722,-6.584197,5.518363,2,Computers,5
436,0.24508213,-11.642688,1.6155832,3,Home Decor & Festive Needs,1
437,-0.35984558,-8.111362,0.21137261,1,Beauty and Personal Care,1
438,15.364127,1.3729953,-4.336208,0,Baby Care,4
439,7.324702,-8.249603,-0.52464944,4,Home Furnishing,1
440,4.972411,-2.2620978,-0.13684855,0,Baby Care,1
441,-0.4499481,-4.8681397,-2.1614382,1,Beauty and Personal Care,1
442,18.34698,2.4572287,-1.0597506,0,Baby Care,4
443,9.964681,-7.5304475,2.8585243,4,Home Furnishing,1
444,9.423324,-3.992188,1.4871856,4,Home Furnishing,1
445,-9.379359,-1.660595,5.0530787,2,Computers,5
446,-9.380754,-1.662248,5.052872,2,Computers,5
447,-9.380736,-1.6602637,5.0531387,2,Computers,5
448,6.3838463,-1.0580527,-1.01895,0,Baby Care,1
449,19.67648,4.4234285,-4.5050907,0,Baby Care,4
450,15.736998,0.74828374,-2.4031687,0,Baby Care,4
451,7.657891,-6.51738,3.7401063,4,Home Furnishing,1
452,-4.245658,-7.0922575,-12.315819,5,Kitchen & Dining,6
453,4.236675,9.532024,4.252511,4,Home Furnishing,3
454,1.2925982,-4.743786,-11.370507,5,Kitchen & Dining,6
455,1.281305,-4.7436223,-11.377552,5,Kitchen & Dining,6
456,3.2920651,9.352909,4.0604424,4,Home Furnishing,3
457,3.236043,9.296232,4.053766,4,Home Furnishing,3
458,1.5646951,-2.6460297,1.2839268,2,Computers,1
459,7.704529,0.13561499,-5.2994843,1,Beauty and Personal Care,0
460,19.951416,2.4441228,-4.426405,0,Baby Care,4
461,3.5644767,-6.9637737,-2.4714913,5,Kitchen & Dining,1
462,6.09004,-7.6101623,3.4306507,4,Home Furnishing,1
463,5.9302497,-0.3611385,-6.4643664,1,Beauty and Personal Care,0
464,20.096199,3.9199748,-2.6185386,0,Baby Care,4
465,17.428726,4.2081547,-4.126931,0,Baby Care,4
466,18.679571,-2.2429798,-1.2120802,0,Baby Care,4
467,18.738846,-2.1993542,-1.1567187,0,Baby Care,4
468,7.9919395,2.939827,1.6168684,0,Baby Care,3
469,6.0872445,-8.188106,-4.43498,5,Kitchen & Dining,1
470,6.7620435,0.035696432,-5.2284117,1,Beauty and Personal Care,0
471,5.520593,-8.0598955,-3.429873,5,Kitchen & Dining,1
472,5.64328,-8.106822,-3.5014236,5,Kitchen & Dining,1
473,5.4505863,2.565599,-3.6838772,1,Beauty and Personal Care,0
474,5.999314,-9.376471,-4.0333114,5,Kitchen & Dining,1
475,5.474656,2.567946,-3.7164483,1,Beauty and Personal Care,0
476,11.443974,-7.243458,-0.68290746,4,Home Furnishing,1
477,11.443974,-7.243458,-0.68290746,4,Home Furnishing,1
478,11.153752,-7.006008,-1.1741003,4,Home Furnishing,1
479,-12.382996,-4.513322,10.689724,2,Computers,5
480,-14.792364,-0.11452096,11.070012,2,Computers,5
481,-15.106069,-0.84053344,11.581156,2,Computers,5
482,-14.597613,-1.9569799,11.7048025,2,Computers,5
483,-12.770508,-0.72325593,9.963061,2,Computers,5
484,-11.854525,-4.271617,10.699511,2,Computers,5
485,-12.387392,-4.5787635,10.530807,2,Computers,5
486,-14.413677,-0.23089282,11.780403,2,Computers,5
487,-12.203867,-0.84739923,11.099642,2,Computers,5
488,-14.675932,-1.5940827,10.039176,2,Computers,5
489,-13.739335,-1.9011469,11.402696,2,Computers,5
490,-13.558415,0.07963101,11.009332,2,Computers,5
491,-12.264482,-1.3118374,11.265755,2,Computers,5
492,-15.126372,-1.2612051,10.20668,2,Computers,5
493,-12.305426,-1.5638738,10.653199,2,Computers,5
494,-2.2799084,0.42872182,23.047728,6,Watches,2
495,-1.676704,4.013952,17.417841,6,Watches,2
496,-1.3514285,4.647541,16.899143,6,Watches,2
497,4.9214063,-0.96420896,19.6691,6,Watches,2
498,6.012301,-0.1390474,18.480888,6,Watches,2
499,0.39839402,6.6627417,24.897745,6,Watches,2
500,-1.7645553,0.20747174,20.42287,6,Watches,2
501,1.5755526,7.099035,20.258886,6,Watches,2
502,-4.0461936,6.9365506,23.52962,6,Watches,2
503,-1.4166024,4.194135,18.074001,6,Watches,2
504,-13.764144,-1.4792688,12.374466,2,Computers,5
505,2.0317724,5.3400435,23.067991,6,Watches,2
506,-13.513534,-1.0692513,9.506012,2,Computers,5
507,-14.742025,-2.8662329,10.072414,2,Computers,5
508,-13.764144,-1.4792688,12.374466,2,Computers,5
509,-1.771031,8.528113,24.412882,6,Watches,2
510,2.5652988,3.9585526,20.065449,6,Watches,2
511,-13.764144,-1.4792688,12.374466,2,Computers,5
512,-13.34118,-3.8168945,11.0999775,2,Computers,5
513,-1.5593528,4.318117,25.538988,6,Watches,2
514,-3.3769295,6.790446,23.299025,6,Watches,2
515,0.43127716,3.6141088,22.57428,6,Watches,2
516,-0.7810877,4.6998754,17.154562,6,Watches,2
517,2.1815755,6.276693,20.714941,6,Watches,2
518,-1.7793981,7.9845786,25.728031,6,Watches,2
519,-3.9088037,5.8483934,24.47616,6,Watches,2
520,-0.9348609,5.013448,26.49101,6,Watches,2
521,-2.7580802,6.430472,24.445017,6,Watches,2
522,-3.8570147,5.6544886,22.958883,6,Watches,2
523,-3.7259583,7.1959596,24.035257,6,Watches,2
524,0.3267694,3.5065703,22.528189,6,Watches,2
525,-2.3522232,3.2800627,20.987621,6,Watches,2
526,-1.4738184,4.0380683,20.786295,6,Watches,2
527,-4.053472,4.693328,22.785498,6,Watches,2
528,0.9308993,7.1718917,22.364895,6,Watches,2
529,3.824612,-1.3973691,20.423824,6,Watches,2
530,-1.3145192,5.305011,26.19039,6,Watches,2
531,4.4630294,-0.23469454,19.744434,6,Watches,2
532,-1.2357321,-0.28804156,21.902678,6,Watches,2
533,-3.393752,3.1719196,22.83018,6,Watches,2
534,0.22486469,-0.55733657,22.445745,6,Watches,2
535,-0.8085354,5.224905,25.98563,6,Watches,2
536,5.3315277,-0.3473885,20.272858,6,Watches,2
537,-3.016225,8.296066,24.334421,6,Watches,2
538,-1.7520018,2.7724159,23.73858,6,Watches,2
539,-1.9966793,5.2477627,23.832388,6,Watches,2
540,2.3981833,-1.0568241,17.80448,6,Watches,2
541,-1.4860672,4.3757815,24.123226,6,Watches,2
542,-0.4143988,7.9429317,26.04243,6,Watches,2
543,-0.94019294,4.8913374,17.692421,6,Watches,2
544,1.573872,1.3027362,14.933091,6,Watches,2
545,2.0767171,0.19218297,15.350918,6,Watches,2
546,-3.5818172,7.1605515,23.163458,6,Watches,2
547,-1.2608253,8.770162,25.134295,6,Watches,2
548,0.22592407,-0.5579282,22.42425,6,Watches,2
549,-0.5435895,3.6456566,25.363396,6,Watches,2
550,1.2721312,7.041587,23.042763,6,Watches,2
551,3.6272593,2.9427812,20.189634,6,Watches,2
552,4.539022,2.866341,20.225035,6,Watches,2
553,1.9193302,6.020199,20.757902,6,Watches,2
554,-0.10273675,-1.4528826,22.744143,6,Watches,2
555,-2.8274703,2.5150397,25.509647,6,Watches,2
556,4.4554033,3.5292087,20.867374,6,Watches,2
557,-2.3312182,0.53596765,22.915083,6,Watches,2
558,4.708217,0.42155054,20.126787,6,Watches,2
559,2.3802326,-1.067483,17.82549,6,Watches,2
560,0.35320675,5.1012797,23.244967,6,Watches,2
561,-1.7173024,-1.6252733,20.930101,6,Watches,2
562,-2.5397565,4.8476295,21.342978,6,Watches,2
563,-0.19873238,4.1531696,20.515072,6,Watches,2
564,-2.5377812,1.7527395,17.760761,6,Watches,2
565,0.8723759,6.39381,20.7541,6,Watches,2
566,2.2646503,5.220135,22.722443,6,Watches,2
567,0.8510527,6.55535,20.81804,6,Watches,2
568,-2.3243873,3.6955504,26.30803,6,Watches,2
569,1.7833382,3.9107351,19.275019,6,Watches,2
570,3.7940152,2.0557587,17.306711,6,Watches,2
571,1.4142777,6.753668,23.65482,6,Watches,2
572,4.6873517,-0.34948757,20.455381,6,Watches,2
573,2.5025535,4.5152707,18.54743,6,Watches,2
574,1.7833769,3.9109118,19.275145,6,Watches,2
575,-1.6081955,5.1799107,17.412205,6,Watches,2
576,-0.54520136,-2.0971532,14.670061,6,Watches,2
577,-0.8840095,8.056686,25.60991,6,Watches,2
578,5.011716,2.7500741,21.795992,6,Watches,2
579,0.047081184,-2.1506934,22.295233,6,Watches,2
580,-2.2744207,1.7306302,21.546684,6,Watches,2
581,5.432172,0.106875524,19.140215,6,Watches,2
582,2.5767865,2.2364368,19.265305,6,Watches,2
583,5.072775,2.8352275,21.883429,6,Watches,2
584,-0.16939461,4.5130095,23.343796,6,Watches,2
585,-2.2628555,3.77269,26.286514,6,Watches,2
586,-2.3720567,2.5490704,21.779137,6,Watches,2
587,-2.5610435,7.9869485,25.446981,6,Watches,2
588,-0.60764605,-1.8578608,22.153149,6,Watches,2
589,-2.6403916,-6.481134,3.6759503,2,Computers,1
590,18.296553,0.1341055,-3.3859718,0,Baby Care,4
591,7.6741343,-6.5121922,3.742561,4,Home Furnishing,1
592,19.538082,0.32290342,-3.5384789,0,Baby Care,4
593,19.802538,-0.6500217,-3.2372344,0,Baby Care,4
594,4.5418353,-10.652171,-0.61976796,3,Home Decor & Festive Needs,1
595,3.271878,-9.533102,-0.5060826,3,Home Decor & Festive Needs,1
596,3.2488427,-9.613011,-0.62478393,3,Home Decor & Festive Needs,1
597,18.168087,-0.7483673,-6.4614553,0,Baby Care,4
598,-7.7868633,3.6400075,5.590031,2,Computers,5
599,16.33134,3.5611928,-3.4894004,0,Baby Care,4
600,3.3213334,-8.987409,2.57129,3,Home Decor & Festive Needs,1
601,1.8703635,-11.834462,-9.071484,5,Kitchen & Dining,6
602,6.783462,6.7743225,15.360221,6,Watches,2
603,-7.0210285,-8.959628,-12.386964,5,Kitchen & Dining,6
604,-6.6054816,2.133496,9.408437,2,Computers,5
605,-6.6055346,2.1338866,9.408748,2,Computers,5
606,-1.8504983,-3.061351,-6.6493354,1,Beauty and Personal Care,0
607,-1.0269376,-2.8622181,-7.210759,1,Beauty and Personal Care,0
608,-1.4507605,-2.8518133,-7.006841,1,Beauty and Personal Care,0
609,0.26971486,-8.311879,0.31631896,3,Home Decor & Festive Needs,1
610,10.009443,-6.9320126,-6.256529,3,Home Decor & Festive Needs,1
611,10.15617,-7.7932067,3.538309,4,Home Furnishing,1
612,6.0408907,-3.9486892,-0.8607436,0,Baby Care,1
613,6.0849223,-3.9093049,-0.9644389,0,Baby Care,1
614,3.3196497,-9.044332,2.6056643,3,Home Decor & Festive Needs,1
615,4.595784,-1.2752205,-4.396973,0,Baby Care,1
616,17.453394,3.8274486,-4.413425,0,Baby Care,4
617,19.308523,2.8592875,-5.2107954,0,Baby Care,4
618,17.57544,2.5046897,-5.118035,0,Baby Care,4
619,19.848011,2.3132563,1.371033,0,Baby Care,4
620,17.622318,1.2566935,-0.20875567,0,Baby Care,4
621,16.343372,-2.3282907,-0.89719635,0,Baby Care,4
622,5.9485106,-2.7677038,-1.6613162,0,Baby Care,1
623,17.901339,0.27238992,-3.3074136,0,Baby Care,4
624,18.883327,-3.9782043,-0.8301976,0,Baby Care,4
625,1.7693229,-8.798553,0.8094209,3,Home Decor & Festive Needs,1
626,4.878911,-1.7237691,6.7697463,4,Home Furnishing,1
627,3.5622897,-2.997676,-3.5074947,1,Beauty and Personal Care,1
628,2.932978,-8.826958,-3.2767484,5,Kitchen & Dining,1
629,16.232626,1.4926813,-3.263973,0,Baby Care,4
630,17.055098,3.6393995,-5.9982514,0,Baby Care,4
631,18.077076,-0.47668225,-5.0713897,0,Baby Care,4
632,17.261753,-2.6848428,-0.9868226,0,Baby Care,4
633,19.008467,2.9230118,-3.8214982,0,Baby Care,4
634,17.35657,3.5779653,-6.511086,0,Baby Care,4
635,17.245167,3.3145635,-6.347956,0,Baby Care,4
636,19.021774,2.867816,-3.6510863,0,Baby Care,4
637,19.860222,1.416016,2.9231274,0,Baby Care,4
638,4.875144,-7.4962716,-2.527749,5,Kitchen & Dining,1
639,-1.4477315,-7.061319,3.398628,2,Computers,1
640,17.09376,-1.0472889,-4.0771475,0,Baby Care,4
641,17.22473,-0.5754442,-4.872162,0,Baby Care,4
642,17.1812,-0.8363682,-4.806515,0,Baby Care,4
643,-1.1538475,-3.6788886,-0.24390183,2,Computers,1
644,20.57211,3.0026155,-5.547212,0,Baby Care,4
645,20.536547,3.0714982,-4.2603526,0,Baby Care,4
646,19.378164,4.4450936,-4.6031985,0,Baby Care,4
647,17.524765,4.464221,-4.335043,0,Baby Care,4
648,18.93648,-2.9146345,-0.28673327,0,Baby Care,4
649,3.9055772,-10.2138195,2.4353237,3,Home Decor & Festive Needs,1
650,2.580582,0.885093,7.8116417,4,Home Furnishing,3
651,7.5801344,7.089612,1.6189771,0,Baby Care,3
652,-0.44658473,-4.082913,18.87695,6,Watches,2
653,4.2157016,1.6307156,7.3187475,4,Home Furnishing,3
654,6.7077208,6.551092,0.833971,0,Baby Care,3
655,-2.1341274,1.6794479,-2.9380312,0,Baby Care,0
656,6.419487,7.45357,1.2072811,0,Baby Care,3
657,-1.390157,3.8858855,-5.0112543,0,Baby Care,0
658,-5.931905,2.7964995,-6.4926124,3,Home Decor & Festive Needs,0
659,3.2058468,0.9363666,7.5329795,4,Home Furnishing,3
660,4.051137,0.6539093,6.2807574,4,Home Furnishing,1
661,-13.380574,1.1937499,-1.4746606,3,Home Decor & Festive Needs,5
662,4.106426,-0.022240369,6.921275,4,Home Furnishing,1
663,3.414238,1.5028418,6.9894753,4,Home Furnishing,3
664,-1.379915,4.1141086,-4.8058033,0,Baby Care,0
665,8.051318,7.6970096,0.11171623,0,Baby Care,3
666,13.307551,2.5154278,-1.5199151,0,Baby Care,4
667,14.027891,2.389907,-1.8648149,0,Baby Care,4
668,-2.330451,-5.7197666,-12.351321,5,Kitchen & Dining,6
669,6.7994375,7.233653,2.022841,0,Baby Care,3
670,-2.2569163,1.7170494,-3.1100767,0,Baby Care,0
671,-2.9005733,-5.395677,-11.923359,5,Kitchen & Dining,6
672,-1.1283435,1.4546683,-2.7293823,0,Baby Care,0
673,-2.365822,-5.52174,-11.571882,5,Kitchen & Dining,6
674,4.2064724,1.698357,6.9675474,4,Home Furnishing,3
675,7.223093,7.500639,1.0904953,0,Baby Care,3
676,3.421826,0.9866673,7.890152,4,Home Furnishing,3
677,-3.1012716,-4.4808326,-11.1473465,5,Kitchen & Dining,6
678,6.7813435,8.119727,0.27265346,0,Baby Care,3
679,-15.498659,-1.4333851,-1.5392449,3,Home Decor & Festive Needs,5
680,-2.9693074,-6.1269765,-11.334863,5,Kitchen & Dining,6
681,-2.1658278,1.5393075,-1.8637182,0,Baby Care,0
682,-1.4343401,8.3287735,-8.101241,1,Beauty and Personal Care,0
683,-2.7453136,9.077308,-8.630019,1,Beauty and Personal Care,0
684,-1.8652121,9.976591,-7.913529,1,Beauty and Personal Care,0
685,-1.5952389,9.622219,-8.785671,1,Beauty and Personal Care,0
686,-2.9729784,10.241487,-8.230464,1,Beauty and Personal Care,0
687,-1.5259212,7.994069,-8.189287,1,Beauty and Personal Care,0
688,-2.5282156,9.357241,-7.6761456,1,Beauty and Personal Care,0
689,-2.5036685,-5.1401153,-11.788947,5,Kitchen & Dining,6
690,-2.1765964,10.460887,-8.647221,1,Beauty and Personal Care,0
691,-2.5210848,9.676537,-9.261557,1,Beauty and Personal Care,0
692,-1.9656703,8.85635,-9.118226,1,Beauty and Personal Care,0
693,-7.8465066,1.8109999,-1.2443187,3,Home Decor & Festive Needs,5
694,-10.481898,-8.306553,-4.832575,3,Home Decor & Festive Needs,5
695,-8.014667,1.8738419,-1.416335,3,Home Decor & Festive Needs,5
696,-10.481703,-8.306946,-4.832419,3,Home Decor & Festive Needs,5
697,-8.538663,2.085544,-1.9783504,3,Home Decor & Festive Needs,5
698,-2.1293507,3.8533697,2.9203455,4,Home Furnishing,3
699,-1.983588,4.335316,3.6799521,4,Home Furnishing,3
700,7.407267,-8.341215,-0.349234,4,Home Furnishing,1
701,-0.46798506,10.433111,1.8761418,4,Home Furnishing,3
702,-11.701225,1.5252895,-7.238471,3,Home Decor & Festive Needs,5
703,-3.3172333,11.104797,3.152121,4,Home Furnishing,3
704,0.293222,16.717981,0.10663798,4,Home Furnishing,3
705,-0.0702844,15.068873,3.821595,4,Home Furnishing,3
706,-13.863437,-0.4248905,-1.3749353,3,Home Decor & Festive Needs,5
707,0.293222,16.717981,0.10663798,4,Home Furnishing,3
708,0.6752317,13.251767,2.231877,4,Home Furnishing,3
709,3.0707877,4.313812,-0.4037498,0,Baby Care,3
710,-13.874293,-0.44116452,-1.3994933,3,Home Decor & Festive Needs,5
711,-1.2164893,13.580836,4.2810664,4,Home Furnishing,3
712,2.9260256,5.824952,-0.47497755,0,Baby Care,3
713,-0.5263803,16.555923,-0.05732225,4,Home Furnishing,3
714,-0.5263803,16.555923,-0.05732225,4,Home Furnishing,3
715,-1.8045999,10.705606,4.301769,4,Home Furnishing,3
716,-0.31579843,17.020956,0.6126196,4,Home Furnishing,3
717,-3.3642442,11.081563,3.1473215,4,Home Furnishing,3
718,-0.28857887,15.740791,2.7761755,4,Home Furnishing,3
719,3.0575397,5.6565175,-0.4928588,0,Baby Care,3
720,-3.6536565,12.152589,3.0906382,4,Home Furnishing,3
721,-1.4885793,12.193343,0.6302383,4,Home Furnishing,3
722,-3.6383066,12.138786,3.1037717,4,Home Furnishing,3
723,-4.241646,6.8683553,1.0330807,4,Home Furnishing,3
724,-4.570412,6.96003,0.5282922,4,Home Furnishing,3
725,-16.803415,-1.2133801,0.12925872,3,Home Decor & Festive Needs,5
726,3.550555,5.5619116,-0.34766713,0,Baby Care,3
727,-13.246348,1.7374369,-0.9768375,3,Home Decor & Festive Needs,5
728,-4.3042755,6.8827147,0.9329999,4,Home Furnishing,3
729,-5.4449234,-5.6857076,-3.064994,3,Home Decor & Festive Needs,5
730,0.53856105,5.560929,-7.0081816,1,Beauty and Personal Care,0
731,10.449975,-7.9478207,-0.754522,4,Home Furnishing,1
732,15.132736,0.15750818,-0.23342758,0,Baby Care,4
733,-8.0302,3.9417899,5.670061,2,Computers,5
734,-16.811064,0.5495065,-0.72693735,3,Home Decor & Festive Needs,5
735,7.6916013,4.588629,-5.767202,1,Beauty and Personal Care,0
736,7.6916013,4.588629,-5.767202,1,Beauty and Personal Care,0
737,7.6916013,4.588629,-5.767202,1,Beauty and Personal Care,0
738,2.7889087,-12.275726,0.20762074,3,Home Decor & Festive Needs,1
739,4.013108,-6.9581037,-1.433924,5,Kitchen & Dining,1
740,-8.0648,-4.5715275,7.7083254,2,Computers,5
741,4.915422,1.9382966,22.102076,6,Watches,2
742,4.118825,-4.4944835,-13.177956,5,Kitchen & Dining,6
743,4.1454988,-5.123498,-12.605692,5,Kitchen & Dining,6
744,4.118825,-4.4944835,-13.177956,5,Kitchen & Dining,6
745,4.7602215,-4.696773,-12.710938,5,Kitchen & Dining,6
746,-1.1859623,4.315578,2.9901135,4,Home Furnishing,3
747,2.2288654,3.9531932,-12.039741,1,Beauty and Personal Care,0
748,1.532942,4.021166,-11.644,1,Beauty and Personal Care,0
749,2.0406957,12.7932,6.475722,4,Home Furnishing,3
750,1.6014135,12.557057,5.861376,4,Home Furnishing,3
751,2.262283,13.190003,6.0350304,4,Home Furnishing,3
752,2.4037895,12.631479,5.8180737,4,Home Furnishing,3
753,1.2565868,11.556266,2.1374528,4,Home Furnishing,3
754,0.5791232,14.06412,4.432676,4,Home Furnishing,3
755,1.2641351,15.016674,5.447196,4,Home Furnishing,3
756,0.37252828,14.10189,4.932467,4,Home Furnishing,3
757,2.8925114,2.8387089,18.198212,6,Watches,2
758,0.86406004,15.321463,4.4420533,4,Home Furnishing,3
759,-0.4029,3.2223585,17.32383,6,Watches,2
760,3.1756325,2.238274,20.42963,6,Watches,2
761,-3.3007689,-0.10720388,20.028736,6,Watches,2
762,-3.3007689,-0.10720388,20.028736,6,Watches,2
763,-3.219057,0.021638837,20.433655,6,Watches,2
764,2.2664587,2.8713276,20.195055,6,Watches,2
765,3.166768,-4.6473002,-12.27955,5,Kitchen & Dining,6
766,4.234569,-4.273406,-12.366334,5,Kitchen & Dining,6
767,-3.8214483,4.1890073,-13.920823,1,Beauty and Personal Care,0
768,-3.265611,3.0962079,-12.9716835,1,Beauty and Personal Care,0
769,3.5916693,1.9926922,21.981367,6,Watches,2
770,1.4900138,8.105033,-0.25469828,0,Baby Care,3
771,1.5766004,1.1673477,-2.5408454,0,Baby Care,0
772,1.3838155,7.3775725,-0.07704728,0,Baby Care,3
773,1.6087042,8.483974,-0.02065181,0,Baby Care,3
774,1.6328559,1.0489696,-2.6842208,0,Baby Care,0
775,0.6612195,7.965693,0.55196583,0,Baby Care,3
776,2.0391948,7.382061,-0.17399156,0,Baby Care,3
777,4.4300995,2.3607595,20.676146,6,Watches,2
778,1.6278752,3.5440092,-12.978072,1,Beauty and Personal Care,0
779,1.7208464,3.2554944,-12.041332,1,Beauty and Personal Care,0
780,-2.8590178,-2.2700095,21.159937,6,Watches,2
781,-4.529415,-1.8970717,21.197573,6,Watches,2
782,-3.944619,-2.7045197,20.847204,6,Watches,2
783,0.30567902,6.1102266,-2.5915937,0,Baby Care,3
784,-0.2522491,6.327374,-2.8481336,0,Baby Care,3
785,0.26421192,6.1268663,-2.6055448,0,Baby Care,3
786,-3.844877,-1.9398175,21.83925,6,Watches,2
787,-3.8828967,-2.6177707,21.653011,6,Watches,2
788,-4.1709943,-1.8753583,20.753029,6,Watches,2
789,6.0989237,7.15677,0.0347403,0,Baby Care,3
790,-1.74304,-0.69876033,21.965317,6,Watches,2
791,-0.79264385,3.3823419,-8.197662,1,Beauty and Personal Care,0
792,-0.8692507,3.364831,-8.264063,1,Beauty and Personal Care,0
793,3.0307708,3.6644042,-0.24064925,0,Baby Care,3
794,0.9367287,3.8595521,-11.027266,1,Beauty and Personal Care,0
795,2.8621624,2.3793905,17.412554,6,Watches,2
796,-1.4290781,-1.5337093,21.45745,6,Watches,2
797,-3.710578,4.8076096,-13.443855,1,Beauty and Personal Care,0
798,-2.8700588,4.0104127,-12.232408,1,Beauty and Personal Care,0
799,-0.90283763,3.8247902,3.167325,4,Home Furnishing,3
800,-12.089411,-5.3326974,9.676239,2,Computers,5
801,-4.2811046,4.372718,-11.925217,1,Beauty and Personal Care,0
802,-3.2594376,3.3466485,-11.88376,1,Beauty and Personal Care,0
803,-14.85097,-0.7347564,9.005597,2,Computers,5
804,-3.5562387,4.0131073,-11.476016,1,Beauty and Personal Care,0
805,-4.102297,3.6758578,-12.172067,1,Beauty and Personal Care,0
806,1.5280762,4.1804094,-12.666437,1,Beauty and Personal Care,0
807,3.0402553,3.2653468,-12.712083,1,Beauty and Personal Care,0
808,2.8452346,3.4355943,-13.227093,1,Beauty and Personal Care,0
809,-4.3280697,4.5277934,-13.54189,1,Beauty and Personal Care,0
810,-3.4010744,4.507851,-12.030497,1,Beauty and Personal Care,0
811,1.2911063,11.713668,-1.0435016,4,Home Furnishing,3
812,0.663504,12.979445,-1.0579047,4,Home Furnishing,3
813,1.966742,11.793783,-0.3670084,4,Home Furnishing,3
814,2.0627968,12.633615,-0.9564056,4,Home Furnishing,3
815,-9.636582,3.2478075,-3.1398842,3,Home Decor & Festive Needs,5
816,-9.620972,3.220112,-3.1236424,3,Home Decor & Festive Needs,5
817,1.4082079,13.438233,-0.7186923,4,Home Furnishing,3
818,1.4462559,12.594955,-1.9270467,4,Home Furnishing,3
819,1.6244597,12.77746,-0.04022434,4,Home Furnishing,3
820,1.078384,3.9201226,-11.0091915,1,Beauty and Personal Care,0
821,0.57285136,12.088456,-1.00927,4,Home Furnishing,3
822,1.5124176,-12.953067,-0.45258218,3,Home Decor & Festive Needs,1
823,0.7759583,2.7569919,18.244816,6,Watches,2
824,3.4865804,0.72802234,5.83574,4,Home Furnishing,1
825,1.2823122,3.0210562,20.016249,6,Watches,2
826,-0.24212334,3.7378023,25.435585,6,Watches,2
827,-1.2007182,4.1341963,4.0892096,4,Home Furnishing,3
828,-7.2179694,-7.5239587,9.17868,2,Computers,5
829,-6.2083507,-4.948908,8.028144,2,Computers,5
830,-4.5894094,-10.014577,6.5925803,2,Computers,1
831,-5.989014,-6.3121686,8.71869,2,Computers,5
832,-6.6180696,-8.619176,6.964895,2,Computers,5
833,-7.2354393,-8.149976,6.185186,2,Computers,5
834,-5.629528,-6.727271,6.317736,2,Computers,5
835,-5.6740894,-7.74156,6.9116545,2,Computers,1
836,-6.116278,-9.950431,3.9395292,2,Computers,1
837,-7.597369,-7.383446,7.8478923,2,Computers,5
838,-4.9097238,-7.8554444,4.9247923,2,Computers,1
839,-6.5421004,-7.6493316,6.165513,2,Computers,5
840,-6.165039,-10.073415,4.0516596,2,Computers,1
841,-4.524638,-5.200972,7.3915505,2,Computers,1
842,-4.615255,-6.06885,7.6477547,2,Computers,1
843,-7.4622855,-5.972121,8.571895,2,Computers,5
844,-6.102071,-5.604537,6.1112013,2,Computers,5
845,13.232383,2.5285795,-1.5054077,0,Baby Care,4
846,-5.6852655,-6.403776,7.485374,2,Computers,5
847,-5.861445,-4.7297587,6.804909,2,Computers,5
848,-6.960773,-5.3769608,6.4554944,2,Computers,5
849,-4.999468,-5.2689543,6.1636176,2,Computers,5
850,-6.3359103,-7.2856617,4.9411063,2,Computers,5
851,-3.880716,-5.8145986,4.933065,2,Computers,1
852,-4.59366,-10.043357,6.619771,2,Computers,1
853,-6.322718,-10.354678,4.071514,2,Computers,1
854,-4.752507,-5.3168583,8.105813,2,Computers,1
855,-6.93361,-7.108266,4.1361046,2,Computers,5
856,-3.3082995,-6.9827795,6.5815268,2,Computers,1
857,-4.3756757,-6.632505,5.5919724,2,Computers,1
858,-7.48411,-6.8585806,6.0334563,2,Computers,5
859,-6.624574,-6.853506,6.4915237,2,Computers,5
860,-6.8144145,-5.9096127,7.7566414,2,Computers,5
861,-5.7728705,-5.6745005,7.0817184,2,Computers,5
862,-4.816444,-7.893599,5.177415,2,Computers,1
863,-1.0667486,3.616676,4.0566645,4,Home Furnishing,3
864,-13.293374,-0.5585627,10.444852,2,Computers,5
865,15.095793,2.559529,-2.649628,0,Baby Care,4
866,4.800573,0.1017022,-5.091285,1,Beauty and Personal Care,0
867,17.605938,3.2223895,-0.4187733,0,Baby Care,4
868,9.051697,9.401284,4.225115,4,Home Furnishing,3
869,-1.4577818,1.9630578,3.329484,4,Home Furnishing,3
870,10.020685,10.984651,2.256914,4,Home Furnishing,3
871,-2.1410408,3.4448235,3.859339,4,Home Furnishing,3
872,9.180302,10.810851,3.6754303,4,Home Furnishing,3
873,-0.94980484,1.966249,2.324156,4,Home Furnishing,3
874,7.240514,8.897511,2.4683444,4,Home Furnishing,3
875,-0.7718453,1.8618141,2.145106,4,Home Furnishing,3
876,1.7900101,14.732446,3.9882603,4,Home Furnishing,3
877,7.683084,9.38732,2.9058578,4,Home Furnishing,3
878,9.694809,9.386855,3.3515265,4,Home Furnishing,3
879,7.118876,10.3579035,2.401693,4,Home Furnishing,3
880,9.068694,10.469922,2.5911584,4,Home Furnishing,3
881,9.085571,9.367028,2.880945,4,Home Furnishing,3
882,8.084597,8.275589,2.1142695,4,Home Furnishing,3
883,2.829768,2.516798,-3.8637578,0,Baby Care,0
884,7.389645,9.305534,1.4195825,4,Home Furnishing,3
885,8.091075,9.484306,0.9498215,4,Home Furnishing,3
886,0.1705334,14.163025,5.5911107,4,Home Furnishing,3
887,3.1031888,2.6735284,-4.0677395,1,Beauty and Personal Care,0
888,10.438915,10.3496,2.1256354,4,Home Furnishing,3
889,-1.3470771,3.2848463,-5.1383734,0,Baby Care,0
890,7.824005,8.195609,3.037867,4,Home Furnishing,3
891,8.936704,8.505198,3.9763913,4,Home Furnishing,3
892,7.9639354,10.264694,1.7994685,4,Home Furnishing,3
893,10.08813,9.490336,1.4725614,4,Home Furnishing,3
894,-1.6000359,2.4909785,2.9399333,4,Home Furnishing,3
895,9.762496,8.115915,3.1713266,4,Home Furnishing,3
896,-2.3140664,1.3832169,3.1339755,4,Home Furnishing,3
897,10.921172,9.92413,2.3712728,4,Home Furnishing,3
898,3.2178452,-5.542226,-0.2084017,1,Beauty and Personal Care,1
899,1.8470346,-11.256722,0.5909931,3,Home Decor & Festive Needs,1
900,6.191937,0.26019254,-6.5149064,1,Beauty and Personal Care,0
901,3.1615276,-9.570799,0.50402147,3,Home Decor & Festive Needs,1
902,5.271401,-11.635979,-3.8439953,5,Kitchen & Dining,1
903,-1.6637163,-7.420662,-2.8479893,3,Home Decor & Festive Needs,1
904,6.288138,-2.9644177,0.5111964,0,Baby Care,1
905,-1.333169,-11.32972,-2.9697044,3,Home Decor & Festive Needs,1
906,-1.6583333,-11.321875,-3.1506524,3,Home Decor & Festive Needs,1
907,19.454777,0.5419287,2.2598598,0,Baby Care,4
908,18.245789,-0.6093456,1.8376608,0,Baby Care,4
909,3.8692167,-2.6881938,-3.0165827,0,Baby Care,1
910,18.782528,-1.4515102,1.5012665,0,Baby Care,4
911,-1.5760353,-11.389962,-3.1381657,3,Home Decor & Festive Needs,1
912,-2.0502565,-10.381088,-2.9429233,3,Home Decor & Festive Needs,1
913,1.871492,-4.0524364,-2.6853414,6,Watches,1
914,18.828678,-0.99863625,1.2941293,0,Baby Care,4
915,19.32267,0.7728905,2.3350945,0,Baby Care,4
916,2.0295122,-8.404003,2.9736636,3,Home Decor & Festive Needs,1
917,-6.4165893,-3.988799,-2.0756738,3,Home Decor & Festive Needs,5
918,0.29242575,13.171553,1.4008732,4,Home Furnishing,3
919,-15.407054,-1.6560663,-0.9680269,3,Home Decor & Festive Needs,5
920,0.8319427,10.353266,1.1066571,4,Home Furnishing,3
921,-7.1462255,-4.3736463,-3.598595,3,Home Decor & Festive Needs,5
922,-14.829737,-0.8385377,-1.8553673,3,Home Decor & Festive Needs,5
923,-6.917839,-3.7758384,-3.4357126,3,Home Decor & Festive Needs,5
924,-0.37274614,5.970221,-6.9358,1,Beauty and Personal Care,0
925,-7.124853,-5.534043,-2.589871,3,Home Decor & Festive Needs,5
926,1.2506751,12.959172,2.0001612,4,Home Furnishing,3
927,-0.49039698,14.666673,4.229033,4,Home Furnishing,3
928,1.2539754,11.500779,0.91283196,4,Home Furnishing,3
929,-13.398145,-1.6493839,-7.800516,3,Home Decor & Festive Needs,5
930,-15.712122,1.5927753,-1.8513957,3,Home Decor & Festive Needs,5
931,0.31740662,14.992658,6.037808,4,Home Furnishing,3
932,0.55351865,12.6423,0.46669105,4,Home Furnishing,3
933,-13.083634,1.8163023,-0.91094065,3,Home Decor & Festive Needs,5
934,-1.6905724,14.08532,5.350189,4,Home Furnishing,3
935,0.03977915,5.5156097,-6.982193,1,Beauty and Personal Care,0
936,-8.196498,-3.7607586,-3.0359015,3,Home Decor & Festive Needs,5
937,-7.9641066,-5.0922213,-2.1122377,3,Home Decor & Festive Needs,5
938,-11.934982,2.1118674,-7.611992,3,Home Decor & Festive Needs,5
939,0.31101492,12.040261,0.9346424,4,Home Furnishing,3
940,-6.584423,-5.148405,-2.822413,3,Home Decor & Festive Needs,5
941,-1.6430212,12.454483,-0.61521715,4,Home Furnishing,3
942,-1.3281792,13.708489,1.9900072,4,Home Furnishing,3
943,-10.713571,-0.5476541,-2.0148592,3,Home Decor & Festive Needs,5
944,-7.347902,-3.6302264,-3.391435,3,Home Decor & Festive Needs,5
945,-0.007812843,11.758458,2.5354426,4,Home Furnishing,3
946,0.07849663,5.2954993,-6.918951,1,Beauty and Personal Care,0
947,-15.48732,-1.861346,-0.5292435,3,Home Decor & Festive Needs,5
948,-9.859791,-1.1996104,-1.6053929,3,Home Decor & Festive Needs,5
949,0.053670395,11.750263,0.34881896,4,Home Furnishing,3
950,-1.2816197,15.237488,3.706112,4,Home Furnishing,3
951,-9.799754,-0.42379966,-4.2645802,3,Home Decor & Festive Needs,5
952,-0.9043232,11.650472,3.4064476,4,Home Furnishing,3
953,-4.0650225,6.9790545,1.4557747,4,Home Furnishing,3
954,-0.4695262,12.99679,0.8337316,4,Home Furnishing,3
955,-7.3490644,-4.3389273,-3.6365278,3,Home Decor & Festive Needs,5
956,1.6780891,-7.362272,-4.529871,5,Kitchen & Dining,1
957,-8.506002,-2.5238338,-1.8242989,3,Home Decor & Festive Needs,5
958,7.8345375,-9.178555,3.191648,4,Home Furnishing,1
959,7.3202295,-10.000057,2.9478168,4,Home Furnishing,1
960,10.89924,-6.9581623,-0.6784385,4,Home Furnishing,1
961,7.382414,-10.233885,4.290905,4,Home Furnishing,1
962,7.2049403,-10.32364,4.68178,4,Home Furnishing,1
963,7.440135,-9.249821,3.2024448,4,Home Furnishing,1
964,7.2683353,-10.485083,4.640012,4,Home Furnishing,1
965,4.9607553,-0.5252718,-6.7391768,1,Beauty and Personal Care,0
966,2.3329706,-6.775791,-3.4208736,5,Kitchen & Dining,1
967,7.925597,-3.1830895,0.68255156,0,Baby Care,1
968,9.912974,-1.7684937,2.2361088,0,Baby Care,1
969,9.097326,-12.017653,-2.1341927,4,Home Furnishing,1
970,9.3157,-2.485378,1.1943032,0,Baby Care,1
971,9.912974,-1.7684937,2.2361088,0,Baby Care,1
972,18.62285,-2.732803,1.7589967,0,Baby Care,4
973,1.3496882,-11.738182,1.5831187,3,Home Decor & Festive Needs,1
974,2.40414,-11.841385,1.2779098,3,Home Decor & Festive Needs,1
975,18.224966,-0.45154145,0.9235562,0,Baby Care,4
976,2.5923793,-1.3548712,-4.569996,1,Beauty and Personal Care,1
977,19.808868,2.8633249,0.5947502,0,Baby Care,4
978,2.3833437,-7.465823,-2.5043204,5,Kitchen & Dining,1
979,21.096664,-0.9001952,0.90520793,0,Baby Care,4
980,20.94873,0.6191673,1.715683,0,Baby Care,4
981,14.863387,1.4617058,-4.751947,0,Baby Care,4
982,19.78471,-1.2160622,0.3158731,0,Baby Care,4
983,21.121214,-0.19860241,0.5817677,0,Baby Care,4
984,-12.564935,-1.7960125,-2.1158566,3,Home Decor & Festive Needs,5
985,-1.4691359,-1.1575482,-7.6384625,1,Beauty and Personal Care,0
986,-11.255858,-1.6761321,-5.321701,3,Home Decor & Festive Needs,5
987,-12.418784,-2.6660542,-1.8589771,3,Home Decor & Festive Needs,5
988,-2.1341107,-0.00068669545,-7.6447287,1,Beauty and Personal Care,0
989,-13.286496,-0.7833521,-2.4096086,3,Home Decor & Festive Needs,5
990,19.862246,-1.7918972,-3.8836472,0,Baby Care,4
991,0.043511126,-1.8490623,-3.765729,5,Kitchen & Dining,1
992,0.04961422,-1.8247834,-3.7410674,5,Kitchen & Dining,1
993,2.7316027,10.505745,3.8309996,4,Home Furnishing,3
994,3.0904374,-10.748193,-10.395403,5,Kitchen & Dining,6
995,6.5250754,0.22298758,-2.1574383,0,Baby Care,1
996,6.536165,0.2815166,-2.2251332,0,Baby Care,1
997,1.7897534,-11.355864,-0.97232133,3,Home Decor & Festive Needs,1
998,2.5247052,-10.781712,-9.25801,5,Kitchen & Dining,6
999,9.175367,-12.725183,-1.4715868,4,Home Furnishing,1
1000,0.44638395,-6.609878,-2.2542965,5,Kitchen & Dining,1
1001,18.540218,2.3867564,-1.256913,0,Baby Care,4
1002,-3.584151,-8.042772,4.1184936,2,Computers,1
1003,2.1605308,-11.18527,-9.784802,5,Kitchen & Dining,6
1004,2.3765693,-9.363604,-8.158247,0,Baby Care,6
1005,3.2315354,-0.2821425,-5.127771,1,Beauty and Personal Care,0
1006,2.8845718,-0.09365525,-5.654934,1,Beauty and Personal Care,0
1007,6.247058,2.8092823,-4.584595,1,Beauty and Personal Care,0
1008,1.933778,-7.9930406,-2.70163,5,Kitchen & Dining,1
1009,10.002978,-6.934416,-6.249102,3,Home Decor & Festive Needs,1
1010,21.593798,-1.1016684,0.9901441,0,Baby Care,4
1011,3.708372,-0.7765686,-2.88046,0,Baby Care,1
1012,4.844035,-8.391935,-1.2571716,3,Home Decor & Festive Needs,1
1013,4.591448,2.4193761,-7.27235,1,Beauty and Personal Care,0
1014,22.631433,-1.0459956,0.37072012,0,Baby Care,4
1015,1.4480969,-14.4814205,8.529985,2,Computers,1
1016,4.554938,0.03213223,-5.73234,1,Beauty and Personal Care,0
1017,6.0934606,-4.9085765,8.066063,4,Home Furnishing,1
1018,1.5929002,-14.227841,9.452763,2,Computers,1
1019,1.6117948,-13.36502,8.957443,2,Computers,1
1020,5.813941,-3.341963,7.601373,4,Home Furnishing,1
1021,2.7215824,-13.281469,8.87071,2,Computers,1
1022,5.0765085,-3.7946076,7.6185393,4,Home Furnishing,1
1023,-0.6436737,-3.8835516,-0.011441781,2,Computers,1
1024,2.7237155,-15.252025,8.403888,2,Computers,1
1025,2.434298,-13.729269,9.704554,2,Computers,1
1026,6.360272,-4.065348,8.247827,4,Home Furnishing,1
1027,5.2510824,-4.558202,8.36538,4,Home Furnishing,1
1028,3.0289648,-14.039275,8.300047,2,Computers,1
1029,5.4095306,-4.62597,7.3986635,4,Home Furnishing,1
1030,2.2401145,-0.3543063,-4.3017254,1,Beauty and Personal Care,0
1031,6.261212,0.42866096,-5.305592,1,Beauty and Personal Care,0
1032,2.0488675,-13.474067,8.08624,2,Computers,1
1033,6.020906,-4.123449,7.1622577,4,Home Furnishing,1
1034,2.1563344,-14.409894,8.012336,2,Computers,1
1035,3.0588071,-14.335367,9.238769,2,Computers,1
1036,2.2096786,-14.864857,9.277069,2,Computers,1
1037,5.617155,-3.918109,8.5917425,4,Home Furnishing,1
1038,2.9831798,-5.296102,-1.292024,1,Beauty and Personal Care,1
1039,-0.08096446,-11.68848,1.722644,3,Home Decor & Festive Needs,1
1040,-4.9453483,3.0564482,-4.457462,0,Baby Care,0
1041,-5.260003,4.5064964,-5.6245,0,Baby Care,0
1042,-5.4418745,3.2442179,-5.672016,0,Baby Care,0
1043,-4.627406,2.6705832,-5.318016,0,Baby Care,0
1044,-5.624387,4.4495945,-5.2658896,0,Baby Care,0
1045,-5.0203414,1.5345567,-5.033923,0,Baby Care,0
1046,-6.3313723,5.3364325,-6.146544,0,Baby Care,0
1047,-4.2898817,3.2779334,-5.1687207,0,Baby Care,0
1048,-5.9525676,4.4275756,-5.8570957,0,Baby Care,0
1049,-4.57822,3.1804304,-5.652618,0,Baby Care,0
